Title_orig;Title_cz;Title_sk;Country;Genre;Released;Length;Description;Expanses;Earnings;Age_restriction;Images;Trailer;Price;Link
Django Unchained;Nespoutaný Django;Divoký Django;USA;Western / Dobrodružný / Dráma;2012;165;"Dej sa odohráva dva roky pred americkou občianskou vojnou Severu proti Juhu. V hlavnej úlohe s Jamie Foxxom ako Úspech misie vedie Schultza k oslobedeniu Djanga, ale aj napriek tomu sa ich cesty nerozídu, pomáha mu vyslobodiť z Úspech misie vedie Schultza k oslobedeniu Djanga, ale aj napriek tomu sa ich cesty nerozídu, pomáha mu vyslobodiť z otroctva i Djangovu ženu Broomhildu (Kerry Washington). Tá je však v zajatí bezohľadného plantážnika Calvina Candieho (Leonardo DiCaprio), majiteľa klubu, kde otrokyne ponúkajú ako sexuálne objekty a otrokov ako gladiátorov, ktorých pripravuje ""cvičiteľ"" otrokov Ace Woody (Kurt Russell). Django a Schultz v utajení vzbudzujú podozrenie u Stephena (Samuel L. Jackson), Candieho dôverného sluhu a ich zámer sa prezradí. Aby sa Djangovi a Schultzovi podarilo uniknúť s Broomhildou, musia si zvoliť medzi nezávislosťou a solidaritou, a medzi obetou a prežitím.otroctva i Djangovu ženu Broomhildu (Kerry Washington). Tá je však v zajatí bezohľadného plantážnika Calvina Candieho (Leonardo DiCaprio), majiteľa klubu, kde otrokyne ponúkajú ako sexuálne objekty a otrokov ako gladiátorov, ktorých pripravuje ""cvičiteľ"" otrokov Ace Woody (Kurt Russell). Django a Schultz v utajení vzbudzujú podozrenie u Stephena (Samuel L. Jackson), Candieho dôverného sluhu a ich zámer sa prezradí. Aby sa Djangovi a Schultzovi podarilo uniknúť s Broomhildou, musia si zvoliť medzi nezávislosťou a solidaritou, a medzi obetou a prežitím.otrokom Djangom, ktorý sa pod vplyvom doktora Schultza, nemeckého lovca ľudí v podaní Christophera Waltza, sám stane krutým lovcom ľudí za odmenu. Schultz je na stope vražedným bratom Brittlovcom, ku ktorým ho môže priviesť jedine Django. Neortodoxný Schultz získava Djanga s prísľubom vyslobodenia ho zo služieb bratov - či už mŕtvých alebo živých.";;;;;;;
Forrest Gump;Forrest Gump;Forrest Gump;USA;Drama / Komedie / Romantický;1994;142;"Poněkud prostoduchý Forrest Gump, vyzbrojen užitečnými radami své matky, se vydává na pouť životem, který mu připraví nejedno překvapení. Mnoho hořkých, ale také nádherných chvil...
Mladý muž jménem Forrest Gump sedí na zastávce autobusu a každému, kdo si přisedne, vypráví o svém životě. Poněkud jednoduchý chlapec se narodil v Alabamě, kde žil jen s matkou, která mu dala mnoho dobrých rad do života. Především tu, aby si nikdy nenechal od nikoho namluvit, že je jiný než ostatní. Dostala ho dokonce i do normální školy, přestože jí doporučovali zvláštní, vzhledem k jeho nízkému IQ. Forrest, terč zlomyslných vtípků a krutých žertů svých kamarádů, si tam najde přítelkyni na celý život: Jenny je půvabná blonďatá holčička, kterou zneužívá otec, a tak ji dají do výchovy babičce. Oba se stanou nerozlučnými přáteli. Jenny Forrestovi dá další cennou radu do života: když budeš mít problém, utíkej. A tak Forrest proutíká školou, pak i střední školou a nakonec vysokou, kde se osvědčí jako nejrychlejší hráč amerického fotbalu. Po svém prožívá i velké události v amerických dějinách, třeba přijetí dvou prvních černých studentů na univerzitu nebo setkání s prezidentem Kennedym... Forrest se na vše dívá svýma naivníma očima, aniž by věci zvažoval do důsledků. Řídí se upřímným citem, jako když stále a opakovaně „zachraňuje“ Jenny, jakmile se mu zdá, že jí někdo ubližuje. Když získá diplom, dá se naverbovat do armády. Doslechne se, že Jenny vyhodili ze školy kvůli nestoudným fotkám a že se pokouší v Memphisu prosadit jako zpěvačka. Navštíví ji a znovu nešikovně „zachraňuje“. Pak je poslán do Vietnamu. Ani hrůzy války tak docela nechápe, i když se při jednom útoku projde dokonalým peklem. Je zabit jeho zatím jediný přítel, černoch Bubba. Forrest, kterého chtěl Bubba přibrat jako partnera do své firmy, je zdrcený. Přesto zachrání několik dalších vojáků včetně poručíka Dana Taylora, který mu ale není pranic vděčný: jakožto člen rodiny, v níž celé generace mužů umíraly ve válkách, si přeje zemřít po boku svých mužů. A on navíc přijde o obě nohy. Zraněn je ale i Forrest a vrací se domů. Ještě ve Vietnamu v nemocnici se mu vrátí dopisy, které pravidelně psal Jenny a jejichž adresátka nebyla zastižena... Po návratu domů mu prezident Johnson udělí medaili a při prohlídce Washingtonu se přimíchá do davu protestujících proti válce. Je vyzván, aby pohovořil o Vietnamu, nejde ale zvuk. Přesto ho tisícihlavý dav zdraví jako hrdinu. Mezi přihlížejícími je i Jenny, nyní horlivá aktivistka protiválečného hnutí Černí panteři. Shledání Forresta s jeho velkou a jedinou láskou je dojemné. Prochodí spolu celou noc a povídají si. Forrest nechce, aby Jenny opět odjela, ale ta se chystá do Kalifornie. Forrest zůstává zase sám.";;;;;;;
Rain Man;Rain Man;Rain Man;USA;Drama / Road movie;1988;133;Charley je podvodníček a profesionální hráč. Právě zjistí, že jeho otec, který ho jako teenagera vyhodil z domu, zemřel. V souvislosti s dědictvím se Charles dozvídá, že má bratra Raymonda, který je jako autista umístěn v ústavu. Raymond má ale geniální matematické schopnosti, dokáže z hlavy řešit a zapamatovat si i ty nejsložitější matematické příklady i kombinace. Jejich otec zanechal svůj majetek Raymondovi, který ovšem nemá ponětí o penězích a neví, jak s nimi nakládat. Charles se rozhodne svého bratra vyhledat, aby majetek získal. Přitom si uvědomí, jaké možnosti skýtají Raymondovy schopnosti v jeho „oboru“ a rozhodne se vzít bratra s sebou na „dlouhý výlet“. Zatím však nemá potuchy o tom, jak s autistickým člověkem zacházet… Kvůli roli autistického Raymonda strávil Dustin Hoffman (Malý velký muž, Tootsie, Motýlek, Kdo je Harry Kellerman, Kramerová versus Kramer) téměř rok v léčebnách, kde studoval chování autistických pacientů. Jeho bratra Charlese si zahrál Tom Cruise (Top Gun, Interview s upírem, Narozen 4. července, Firma).;;;;;;;
Inception;Počátek;Počiatok;USA;Akční / Sci-Fi / Thriller / Mysteriózní / Dobrodružný;2010;148;Dom Cobb (Leonardo DiCaprio) je velmi zkušený zloděj a jeho největší mistrovství je v krádeži nejcennějších tajemství. Ovšem není to jen tak obyčejný zloděj. Dom krade myšlenky z lidského podvědomí v době, kdy lidská mysl je nejzranitelnější – když člověk spí. Cobbova nevšední dovednost z něj dělá nejen velmi vyhledávaného experta, ale také ohroženého uprchlíka. Musel obětovat vše, co kdy miloval. Nyní se mu však nabízí šance na vykoupení. Může získat zpět svůj život. Tato poslední zakázka je nejen velmi riskantní, ale zdá se, že i nemožná. Tentokrát nemá za úkol myšlenku ukrást, ale naopak ji zasadit do něčí mysli. Pokud uspěje, bude to dokonalý zločin.;;;;;;;
Gladiator;Gladiátor;Gladiátor;USA / Velká Británie;Akční / Dobrodružný / Drama;2000;155;Příběh římského generála Maxima začíná v zimě roku 180, kdy v čele římských legií zvítězil nad germánskými kmeny. Po bitvě dorazí do ležení císař Marcus Aurelius se svými dětmi, slabošským synem Commodem a dcerou Lucillou, která byla kdysi Maximovou milenkou. Věčnými boji unavený císař požádá Maxima, aby se po jeho smrti stal protektorem Říma. Generál to však odmítne. Když se Commodus dozví, že ho otec nehodlá jmenovat svým nástupcem, zákeřně ho usmrtí a zmocní se vlády. Maximus se novému vládci odmítne podrobit a je zatčen. Podaří se mu uprchnout a spěchá domů. Svůj dům najde vypálený a manželku i syna zavražděné. Vyčerpán žalem i zraněním omdlí a probere se v zajetí otrokářské karavany. Je pak prodán bývalému gladiátorovi Proximovi. Společně s černým otrokem Jubou projde gladiátorským výcvikem a dostane přezdívku Španěl. Commodus se vrací do Říma a chce rozpustit senát. K tomu však potřebuje získat na svou stranu lid. Rozhodne se proto uspořádat velkolepé gladiátorské hry, kam přijíždí i Proximovi gladiátoři.;;;;;;;
Bohemian Rhapsody;Bohemian Rhapsody;Bohemian Rhapsody;Velká Británie;Životopisný / Drama / Hudební;2018;134;Film Bohemian Rhapsody je oslavou rockové skupiny Queen, jejich hudby a především Freddieho Mercuryho, který svou tvorbou i životem vzdoroval všem myslitelným stereotypům, díky čemuž se stal jedním z nejvýraznějších umělců na světě. Snímek mapuje raketový vzestup nekonvenční skupiny prostřednictvím jejich revolučního zvuku a ikonických písní, jako jsou „We Will Rock You“, „We Are the Champions“ nebo právě „Bohemian Rhapsody“. Jejich příběh začíná bleskovým startem, pokračuje neřízenou životní spirálou a vrcholí nezapomenutelným, strhujícím vystoupením na koncertu Live Aid v roce 1985. Na jeho pódiu Queen v čele se rtuťovitým Freddiem předvedli jednu z největších show v historii rocku. Jejich hudba byla a stále je ohromnou inspirací pro celý svět.;;;;;;;
Cast Away;Trosečník;Stroskotanec;USA;Dobrodružný / Drama;2000;143;Pečlivý a energický Chuck Noland je zaměstnán u známé společnosti FedEx, která rozváží poštu po celém světě. Díky tomu žije velmi rychle. Jeden den je v Rusku, vzápětí pár hodin stráví ve Francii. Pro samý spěch si vlastně ani nedokáže užívat života. Práce Chucka okrádá o tolik času, že si se svojí důvěrnou přítelkyní Kelly dokonce předává vánoční dárky v autě na letišti. Když za několik hodin opět letí z Ruska zpět do Ameriky, letadlo FedExu s piloty a Chuckem nečekaně havaruje. Katastrofu a pád do moře přežije pouze Chuck, kterému se s malým člunem podaří dostat na neznámý ostrůvek. Po prvním šoku začíná po vzoru Robinsona Crusoa na stromě odškrtávat dny, při životě ho drží láska ke Kelly a naděje, že ho v krátké době někdo objeví… Dobrodružně laděný příběh o nezdolné lidské vůli nevzdávat se a bojovat o svůj život a své sny – natočil úspěšný hollywoodský režisér Robert Zemeckis (Návrat do budoucnosti I-III, Forrest Gump, Pod povrchem). Přípravy na filmový projekt začaly už někdy v roce 1998, kdy Tom Hanks o napsání scénáře k tomuto projektu požádal Williama Broylese Jr. (scenáristu Apolla 13 a Forresta Gumpa). Při jeho filmové realizaci pak musel podstoupit drastickou dietu a v průběhu přerušeného natáčení, za několik měsíců zhubnul o dvacet kilo. Tím působivěji pak předvedl proměnu z výkonného workoholika na polodivokého trosečníka se sklony k šílenství. S jeho skvělým hereckým výkonem film stojí i padá. Za ztvárnění Chucka byl Tom Hanks v roce 2000 oceněn Cenou kruhu newyorských filmových kritiků (nejlepší herec) a Zlatým glóbem (nejlepší herec v dramatu). Úlohu jeho přítelkyně Kelly Frearsové vytvořila Helen Huntová (Dr. T a jeho ženy, Lepší už to nebude, Po čem ženy touží).;;;;;;;
Interstellar;Interstellar;Interstellar;USA;Sci-Fi / Dobrodružný / Drama;2014;169;Když se náš čas na Zemi chýlí ke konci, je skupina výzkumníků pověřena nejdůležitějším posláním v lidských dějinách: cestou za hranice naší galaxie, při které má za úkol najít mezi hvězdami pro lidstvo nový domov.;;;;;;;
Babylon;Babylon;Babylon;USA;Drama;2022;189;Damien Chazelle nakrútil film Babylon o vzostupoch aj pádoch hrdinov filmárskeho šialenstva v dekadentnom Hollywoode dvadsiatych rokov minulého storočia. Nemé filmy ustupujú zvukovým a ich herci aj tvorcovia sa tomu snažia prispôsobiť. Nie všetkým táto zmena vyhovuje..;;;;;;;
Love Actually;Láska nebeská;;Velká Británie / USA / Francie;Komedie / Drama / Romantický;2003;135;Láska nebeská s vtipem odhaluje citová vzplanutí i chladnutí v období vánočních svátků. Milenci a milenky, manželé a manželky, tátové a synové, rockové hvězdy a jejich manažeři, ti všichni prožívají ne jednu Lásku nebeskou, ale hned deset jejích různých podob.;;;;https://www.film-game.cz/laska-nebeska-blu-ray--0931143.html#image-3;;;
Edge of tomorrow;Na hraně zítřka;Na hrane zajtrajška;USA / Kanada;Sci-Fi / Dobrodružný / Akční;2014;108;Příběh se odehrává v blízké budoucnosti. Mimikové, mimozemská rasa připomínající včelí kolonii, vytrvale útočí na Zemi, obracejí velká města v hromadu trosek a zanechávají za sebou miliony lidských obětí. Podplukovník Bill Cage (Tom Cruise), který nikdy nebyl v žádné bitvě, je bez cirátů degradován a s nulovým výcvikem a mizernou výzbrojí poslán splnit úkol, který není ničím jiným než sebevražednou misí. Během několika minut je zabit, předtím se mu však podaří zneškodnit Alphu. Ač se to zdá nemožné, procitne opět na začátku toho samého pekelného dne a je nucen znovu bojovat a zemřít... a tak stále dokola. Přímý fyzický kontakt s mimozemšťanem způsobil, že se dostal do časové smyčky a je tak odsouzen prožívat nelítostnou bitvu znovu a znovu. S každým dalším pokusem se však zvyšuje jeho odolnost a pohotovost a své rostoucí schopnosti dokáže v boji s Mimiky lépe využívat. Po jeho boku bojuje členka speciálních jednotek Rita Vrataski (Emily Blunt), která zlikvidovala víc Mimiků než kterýkoliv jiný bojovník na Zemi. Každá další bitva je pro Cagea a Ritu příležitostí najít způsob, jak mimozemské vetřelce porazit a Zemi zachránit.;;$370.5 million;12+;https://www.csfd.cz/film/307556-na-hrane-zitrka/galerie/;;;
Top Gun: Maverick;Top Gun: Maverick;Top Gun: Maverick;USA;Akční / Drama;2022;131;Pete „Maverick“ Mitchell (Tom Cruise) k smrti rád pilotuje stíhačky. Dokonce tak, že se už přes třicet let úspěšně brání povýšení ve strukturách amerického letectva, protože to by ho z kokpitu vyhnalo do vyhřáté kanceláře. Maverick byl navíc vždycky magnetem na průšvihy, což se s armádní kariérou taky docela vylučuje. Pilot je ovšem bravurní, možná ten úplně nejlepší, a proto dostane nabídku stát se instruktorem elitních stíhačů z programu Top Gun, které má připravit na úkol, jenž spadá do kategorie Mission Imposssible. Kromě téhle bude muset Maverick zvládnout i jednu obtížnou soukromou misi. Jedním z pilotů, které má připravit do akce, je i Bradley Bradshaw (Miles Teller), syn jeho kamaráda a navigátora Goose. Znalci prvního Top Gunu vědí, že Goose zahynul, když se neúspěšně katapultoval z neovladatelné stíhačky, pilotované právě Maverickem. A jeho syn mu otcovu smrt klade za vinu. Maverick za žádnou cenu nechce, aby Bradleyho potkal stejný osud jako jeho otce. Přitom si uvědomuje, že pravděpodobnost, že některý z pilotů plánovanou leteckou operaci nepřežije, není vůbec malá;;$1.489 billion;None;https://www.csfd.cz/film/286035-top-gun-maverick/galerie/;https://www.csfd.cz/film/286035-top-gun-maverick/prehled/;;
The Whale;Velryba;Veľryba;USA;Drama;2022;117;Lidé jsou úžasní. Tento nakažlivý optimismus je superschopností Charlieho. Vidí v lidech jen dobro a v nás tak probouzí empatii. Téměř tří set kilový osamělý učitel, ztvárněný miláčkem publika Brendanem Fraserem, se snaží najít cestu zpět ke své dceři Ellie (Sadie Sink). Pod tíhou vlastních traumat se jen složitě vyrovnává s minulostí, uzavřel se ve svém bytě, stresové situace řeší přejídáním, ale na půdorysu svého třípokojového bytu je majákem dobra pro sebe i své okolí;;$13.9 million;12+;https://www.csfd.cz/film/969361-velryba/galerie/;https://www.csfd.cz/film/969361-velryba/prehled/;;
Vyšehrad : Fylm;Vyšehrad: Fylm;Vyšehrad: Fylm;CZ;Komedie / Sportovní;2022;105;"Od chvíle, kdy jsme Julia Lavického (Jakub Štáfek) viděli naposledy (ano, bylo to tehdy, když „prodal"" zápas, ale zapomněl na to, a dal krásný gól), uběhl více než rok. Lavi je, jak by řekl jeho agent Jarda (Jakub Prachař), pořád stejný dement, ale začalo se mu konečně dařit. A to jak ve fotbalovém, tak v osobním životě. S Vyšehradem postoupil do druhé ligy, kde vede tabulku střelců, opět po něm pokukují zámožnější kluby, dokonce požádal o ruku svou přítelkyni Lucii (Šárka Vaculíková), sestru Jardy... Na svatbě, která stála majlant, ale zjistí, že má už osmiletého syna, což novomanželku rozhodně nepotěší. Nedostatek financí se rozhodne řešit půjčkou od ne zrovna čestné party, zároveň se snaží nepřijít o manželku hned ve svatební den, postarat se o dítě, což je mu na hony vzdálené, dostat se z Vyšehradu někam výš, nebo se poprat s praktikami jistého fotbalového Taťky... Prostě už zase se řítí jak lavina – z jednoho problému do druhého!";;104,278,232 CZK;15+;https://www.csfd.cz/film/912147-vysehrad-fylm/galerie/;https://www.csfd.cz/film/912147-vysehrad-fylm/prehled/;;
Requiem for a Dream;Rekviem za sen;Requiem za sen;USA;Drama;2000;102;Ovdovělá Sara Goldfarbová žije na Coney Island a snadno podléhá mámení televizních pořadů. Právě teď drží dietu, aby se mohla účastnit jedné ze show. Její milý ale bezmocný syn Harry má novou přítelkyni Marion a společně se snaží čelit bolestné realitě útěkem do snů. Ani Harryho nejlepší přítel Tyrone, který se živí prodejem drog, nemá snadný život. A tak se čtveřice lidí, jimž osud nepřál štěstí, točí v bludném kruhu bezmoci a beznaděje.;;$7.4 million;15+;https://www.csfd.cz/film/14317-requiem-za-sen/galerie/;https://www.csfd.cz/film/14317-requiem-za-sen/prehled/;;
Harry Potter and the Goblet of Fire;Harry Potter a Ohnivý pohár;Harry Potter a Ohnivá čaša;USA;Fantasy / Rodinný / Dobrodružný;2005;157;Harryho Pottera (Daniel Radcliffe) už istý čas prenasledujú nočné mory, vďaka ktorým ho jeho jazva bolí viac ako inokedy. Pred znepokojivými snami sa pokúša uniknúť tak, že so svojimi priateľmi Ronom Weasleym (Rupert Grint) a Hermionou Grangerovou (Emma Watson) navštívi majstrovstvá sveta v metlobale. Oblohu nad skandujúcimi fanúšikmi však rozžiari Temné znamenie - zlovestný úkaz, ktorý je akýmsi podpisom Lorda Voldemorta (Ralph Fiennes). Vyčarovali ho Smrťožrúti - jeho prívrženci -, ktorí sa vyhýbajú verejnosti už od Voldemortovho zmiznutia pred trinástimi rokmi. Vtedy zavraždil Harryho rodičov... Harry túži po návrate za bezpečné steny školy v Rokforte, kde ho môže ochrániť profesor Dumbledore (Michael Gambon). Teraz bude ale všetko trošku inak. Dumbledore totiž oznamuje, že Rokfortská stredná škola čarodejnícka bude práve tento rok organizovať prestížny Trojčarodejnícky turnaj - jednu z najpozoruhodnejších a najriskantnejších súťaží čarodejníckeho sveta! Každá z troch najväčších a najvychýrenejších čarodejníckych škôl si vyberie jedného šampióna, ktorý bude plniť nebezpečné úlohy a bude sa snažiť získať cenný Trojčarodejnícky pohár. Študenti Rokfortu užasnuto sledujú, ako do Veľkej siene prichádzajú pôvabné dievčatá z Beauxbatonskej akadémie a mocní chlapci zo školy v Durmstrangu - a bez dychu čakajú na výber svojich šampiónov...;;;13+;https://www.csfd.sk/film/42949-harry-potter-a-ohniva-casa/galeria/plagaty/;https://video.pmgstatic.com/files/videos/000/309/309834/157709261_63737e.mp4;;https://www.csfd.sk/film/42949-harry-potter-a-ohniva-casa/galeria/plagaty/
Harry Potter and the Order of the Phoenix;Harry Potter a Fénixův řád;Harry Potter a Fénixov rád;USA;Fantasy / Rodinný / Dobrodružný;2007;138;Harry Potter (Daniel Radcliffe) sa vracia do Rokfortu, aby nastúpil do piateho ročníka školy čarov a kúziel. Tam však zistí, že väčšina členov kúzelníckej komunity verí, že jeho nedávne stretnutie s Lordom Voldemortom (Ralph Fiennes) je obyčajný výmysel, čím je zásadne spochybnená Harryho dôveryhodnosť. Ba čo horšie, minister kúziel Kornelius Fudge (Robert Hardy) opäť vymenoval nového učiteľa obrany proti čiernej mágii. V lekciách podozrivej profesorky Umbridgeovej (Imelda Staunton) sa však mladí čarodejníci nič zásadné nenaučia, a preto nemajú dostatok vedomostí k boju s temnými silami, ktoré sa okolo nich sťahujú. Na Hermioninu (Emma Watson) a Ronovu (Rupert Grint) výzvu sa Harry rozhodne vziať chod vecí do svojich rúk. Tajne sa začne schádzať s malou skupinou študentov, ktorí sa hrdo nazvali Dumbledorova armáda, a učí ich, ako sa ubrániť čiernej mágii. Hoci je sám ešte len študent, pripravuje odvážnych mladých čarodejníkov na nebezpečnú bitku, ktorá čoskoro prepukne.;;;12+;https://www.csfd.sk/film/197182-harry-potter-a-fenixov-rad/;https://video.pmgstatic.com/files/videos/000/306/306613/157703323_5dc380.mp4;;https://www.csfd.sk/film/197182-harry-potter-a-fenixov-rad/
Harry Potter and the Philosopher's Stone; Harry Potter a Kámen mudrců;Harry Potter a Kameň mudrcov;USA;Fantasy / Rodinný / Dobrodružný;2001;152;Harry Potter je sirota a žije u svojich jediných príbuzných, Dursleyovcov. Tí sa o neho starajú naozaj len z povinnosti a najradšej by boli, keby mohol ísť Harry preč. Ich želanie sa naplní, keď malý Harry dovŕši 11 rokov. To je vek, kedy sa začína povinná školská dochádzka na Rokfortskej strednej škole čarodejníckej - Harrymu začnú chodiť listy, ktoré však jeho strýko s tetou ignorujú, navštívi ho sympatický polobor Hagrid, a na jeho odporúčanie sa dostane do Rokfortu, kde spolu so svojimi dvoma novými kamarátmi Ronom Weasleym a Hermionou Grangerovou zažíva najväčšie dobrodružstvá svojho života.;;;12+;https://www.csfd.sk/film/1626-harry-potter-a-kamen-mudrcov/;https://video.pmgstatic.com/files/videos/000/307/307631/157705205_d35e87.mp4;;https://www.csfd.sk/film/1626-harry-potter-a-kamen-mudrcov/
Harry Potter and the Half-Blood Prince; Harry Potter a Princ dvojí krve;Harry Potter a Polovičný princ;USA;Fantasy / Rodinný / Dobrodružný;2009;147;Návrat Lorda Voldemorta zapríčiní vo svete kúzelníkov spúšť. Harry (Daniel Radcliffe) má podozrenie, že nebezpečenstvo číha priamo v Bradaviciach, ale Dumbledor (Michael Gambon) sa sústredí na prípravu poslednej bitky, ktorá sa blíži. Potrebuje, aby mu Harry pomohol rozlúsknuť dôležitý kľúč, ktorý vedie k rozuzleniu Voldemortovej obrany. Rozhodujúcu informáciu však pozná iba bývalý profesor Horác Kriklan. Medzitým útočí na študentov ešte úplne iný nepriateľ – ich tínedžerské hormóny. Harryho dlhodobé priateľstvo s Ginnou Weaslyovou (Bonnie Wright) prerastá v hlbší cit, ale v ceste stojí jej priateľ, Dean Thomas, nehovoriac o jej veľkom bratovi Ronovi (Rupert Grint). Lenže Ron má svojich starostí dosť s romantickými pletkami – Lavender Brownová nešetrí svojou láskou k nemu a Hermiona (Emma Watson) v ústraní žiarli, ale je rozhodnutá neprejaviť svoje city za žiadnu cenu. A k tomu všetkému ešte čokolády napustené nápojom lásky, ktoré skončia v nesprávnych rukách a všetko úplne zmenia.;;;12+;https://www.csfd.sk/film/224184-harry-potter-a-polovicny-princ/;https://video.pmgstatic.com/files/videos/000/307/307631/157705205_d35e87.mp4;;https://www.csfd.sk/film/224184-harry-potter-a-polovicny-princ/
Harry Potter and the Deathly Hallows: Part 1;Harry Potter a Relikvie smrti - část 1;Harry Potter a Dary smrti - 1.;USA;Fantasy / Rodinný / Dobrodružný;2010;140;Harry Potter a Dary smrti je siedmym a posledným pokračovaním dobrodružstiev Harryho Pottera, ktoré je očakávanou udalosťou a bude rozdelené do dvoch celovečerných filmov. Prvá časť začína, keď sa Harry (Daniel Radcliffe), Ron (Rupert Grint) a Hermiona (Emma Watson) vydávajú na nebezpečnú misiu, ktorej cieľom je nájsť a zničiť tajomstvo Voldemortovej nesmrteľnosti. Spoliehať sa musia len sami na seba, a to viac, ako kedykoľvek predtým, pretože im už profesori nepomôžu a budú tiež bez ochrany profesora Dumbledora. Navyše sú medzi nimi temné sily, ktoré sa ich snažia rozdeliť. Medzitým sa čarodejnícky svet stáva nebezpečným miestom pre všetkých nepriateľov Pána zla. Dlho obávaná vojna so zlom začala, Voldemortovi smrťožrúti kontrolujú ministerstvo kúziel i Bradavice a terorizujú a zatýkajú všetkých, ktorí by sa im chceli postaviť. To najcennejšie, čo Voldemort chce, ale stále nemá je Harry Potter. Vyvolený sa stal loveným. Smrťožrúti hľadajú Harryho všade, aby ho podľa príkazu Voldemorta priviedli živého. Harryho jedinou nádejou je, že nájde horcruxy skôr, než Voldemort nájde jeho. Pri hľadaní stôp objavuje starý a takmer zabudnutý príbeh - legendu o daroch smrti. A ak je legenda pravdivá, mohol by Voldemort získať neobmedzenú moc a silu, po ktorej túži. (TV Markíza);;;12+;https://www.csfd.sk/film/230063-harry-potter-a-dary-smrti-1/;https://video.pmgstatic.com/files/videos/000/311/311657/157712661_af683f.mp4;;https://www.csfd.sk/film/230063-harry-potter-a-dary-smrti-1/
Harry Potter and the Prisoner of Azkaban;Harry Potter a vězeň z Azkabanu;Harry Potter a väzeň z Azkabanu;Velká Británie / USA;Fantasy / Rodinný / Dobrodružný / Mysteriózní;2004;141;Třetí školní rok nezačíná pro Harryho nejlépe. Nejprve poruší zákaz kouzlení mimo školu, když se nechá vyprovokovat urážkami strýcovy sestry Marge na adresu svých rodičů. Když pak odejde od Dursleyových a záchranným autobusem se dopraví do hostince Děravý kotel, setká se sice s Hermionou a Ronem, také se však dozví, že z azkabanského vězení uprchl nebezpečný Sirius Black a že to má něco společného s ním. Co, to mu však nikdo nechce říci. Nakonec se málem stane obětí azkabanských strážců mozkomorů, kteří prohledávají bradavický vlak. Zachrání ho muž podřimující v kupé, který se představí jako profesor Lupin. Jak se ukáže, je novým učitelem obrany proti černé magii. Další změnou je jmenování Hagrida učitelem péče o kouzelné tvory. Školní rok probíhá v napjaté atmosféře, protože kolem školy krouží mozkomoři, kteří ji mají chránit a pátrat po Blackovi. Po značných komplikacích Harry zjistí, že Black byl přítelem jeho rodičů a je jeho kmotr, údajně to však byl on, kdo jeho rodiče vydal Voldemortovi a zabil kouzelníka Petera Petigrewa, který se je pokusil chránit. Situace se dramaticky vyhrotí, když se velký černý pes zmocní Rona a odvleče ho tajnou chodbou do Chroptící chýše. Když se však Harrymu a Herminoně podaří proniknout za nimi, čeká je nejedno šokující překvapení.;;;;;;;
Harry Potter and the Deathly Hallows: Part 2;Harry Potter a Relikvie smrti - část 2;Harry Potter a Dary smrti - 2.;Velká Británie / USA;Dobrodružný / Drama / Rodinný / Fantasy;2011;125;Potterovská fantasy sága se uzavírá, tímto dílem nelítostný zápas dobra se zlem vrcholí. Trojice věrných kamarádů - Harry, Hermiona a Ron - plní úkol, který po zásahu smrtící kletbou nemohl splnit moudrý Albus Brumbál. Na trojlístek hrdinů číhají nebezpečné nástrahy na každém kroku, ale ani v nucených úkrytech neztrácejí podporu oddaných přátel. Vypátrání a zničení viteálů je jedinou zárukou jejich vítězství. Harryho čeká rozhodující bitva s lordem Voldemortem, která rozhodne o osudu čarodějnického světa a školy v Bradavicích.;;;;;;;
Sense and Sensibility;Rozum a cit;Rozum a cit;USA / Velká Británie;Drama / Komedie / Romantický;1995;131;"Anglie počátku 19. století: krajina podobná parku, domácká sídla a v nich šťastní a laskaví lidé. Ale všechno není tak idylické, jak to vypadá. paní Dashwoodová se svými třemi dcerami - Elinor, Marianne a Margaret - se po Romány britské spisovatelky Jane Austenové (1775 - 1817) rozhodně nepatří mezi mrtvou literární klasiku. Jeden z jejích nejlepších románů, ""Rozum a cit"" (1811), se přičiněním vynikajícího tvůrčího týmu proměnil ve vtipnou, romantickou komedii o problémech s láskou, které nikdy nestárnou.manželově smrti musí vystěhovat právě z takového útulného sídla. Nový domov najde u vzdáleného příbuzného, starosti se dvěma dcerami na vdávání jí však zůstanou. Naštěstí najde v rozumné Elinor zalíbení bohatý a laskavý Edward Ferras, zatímco o vznětlivou Marianne projeví zájem ušlechtilý plukovník Brandon. Elinor však zjistí, že Edward je tajně zasnouben s jinou a Marianne před uzavřeným nápadníkem popřeje sluchu raději romantickému dvoření povětrného Willoughbyho. Vypadá to, že zlomená srdce už nikdo nenapraví - kdyby ovšem nešlo o ironickou komedii s dvojitým šťastným koncem.";;;;;;;
The King's Speech;Králova řeč;;Velká Británie / USA / Austrálie;Drama / Životopisný;2010;118;"Po smrti otce, anglického krále Jiřího V. (Michael Gambon) a skandální abdikaci krále Eduarda VIII. (Guy Pearce), je Bertie (Colin Firth), který celý život trpí vadou řeči, nečekaně korunovaný králem Jiřím VI. Země stojí na prahu 2. světové války a zoufale potřebuje silného vůdce. Proto králova žena Alžběta (Helena Bonham Carter), budoucí královna matka, domluví svému muži setkání s excentrickým terapeutem řeči Lionelem Loguem (Geoffrey Rush). Po tuhém začátku se tito dva ponoří do neobvyklého způsobu léčby a časem mezi nimi vznikne nenarušitelné pouto. S pomocí Loguea, rodiny, vlády a Winstona Churchilla (Timothy Spall) král překoná koktání a pronese zásadní řeč v rádiu, která inspiruje anglický lid a spojí jej ve válečné bitvě.";;;;;;;
Bridget Jones's Diary;Deník Bridget Jonesové;;Velká Británie / Irsko / Francie;Komedie / Romantický;2001;93;"Bridget Jonesová je jednatřicetiletá sympatická Angličanka, která svou osamělost zahání cigaretami, alkoholem a množstvím nezdravého jídla. Navíc má zvláštní talent na trapasy. Jeden z nich ji čeká na novoroční oslavě, kde se jí matka pokusí dohodit vhodného ženicha. Tentokrát to je protivný a snobský právník Mark Darcy, kterého zná z dětství. Nejenže je Bridget nesympatický, ale navíc se před ním ztrapní. To je poslední kapka, která ji vede k rozhodnutí omezit kouření, alkohol, nezdravé jídlo a také sny o mužích. Díky řadě drobných trapasů v nakladatelství, kde pracuje, si jí všimne její pohledný nadřízený Daniel Cleaver, který s ní začne otevřeně flirtovat. Z Daniela a Bridget se stanou milenci a žena prožívá chvilky opravdového štěstí. Toto období netrvá dlouho, protože Bridget zjistí, že ji přelétavý Daniel podvádí s kolegyní. Navíc se dozví, že její matka opustila otce. Bridget se nejprve doma opije, ale pak se rozhodne začít nový život.";;;;;;;
Bridget Jones: The Edge of Reason;Bridget Jonesová - S rozumem v koncích;;Velká Británie / Francie / Německo / Irsko;Komedie / Romantický;2004;108;Bridget je ze vztahu s dokonalým gentlemanem Markem Darcym nadšená a stále nemůže uvěřit, že konečně našla lásku a přestala být „single“. Mark je uznalý, ohleduplný a tolerantní. Jakmile se ale na scéně objeví Markova nová asistentka Rebecca, Bridgetiny růžové obláčky, na kterých se až dosud vznášela, náhle zešednou. Stále častější záchvaty sebepodceňování začnou negativně ovlivňovat jejich vzájemnou lásku. Podlehne zoufalství a hnána „dobrými radami“ svých přátel se s Markem nečekaně rozchází. Bridget se sice trápí, ale v práci se jí daří a dostává nabídku spolupracovat s bývalým šéfem, záletným ex-přítelem Danielem. Letí s ním do Thajska natáčet reportáž. Znovu zažije spoustu komických nedorozumění a trapných chvil, které se mohou stát jenom jí. Při zpáteční cestě je na letišti obviněna z pašování drog, její šance na propuštění z vězení jsou pramalé, ale naštěstí je tu ještě Mark Darcy...;;;;;;;
Bridget Jones's Baby;Dítě Bridget Jonesové;;Velká Británie / Francie / Irsko / USA;Komedie / Romantický;2016;118;"Utrpení největší smolařky v dějinách dosud neskončilo. Bridget Jonesová je stále bez chlapa. Jak název třetího dílu slavné série napovídá, tím hlavním malérem bude tentokrát neplánované těhotenství. Taková věc dokáže vykolejit i životem otřískanou Bridget, zvlášť když naprosto netuší, s kým počala. Jak se to rýmuje s faktem, že je stále bez chlapa? Celkem jednoduše. Stačí v doprovodu kolegyně navštívit odvázaný hudební festival a v jeho průběhu se vyspí s pohledným cizincem (Patrick Dempsey). A když se záhy na jedné společenské akci na vlastní tělo přesvědčí, že stará láska (Colin Firth) nerezaví, byť před pár lety definitivně skončila, je „štěstí"" hotovo. Protože jí s rozluštěním zapeklitého rébusu nepomůže ani lehce cynická gynekoložka (spoluscenáristka Emma Thompson), ocitne se Bridget ve velmi nezáviděníhodné situaci. Jak seriózní právník Mark Darcy, tak úspěšný provozovatel internetové seznamky Jack Quant se sice k situaci postaví jako praví chlapi, odhodlaní s Bridget a jejím potomkem vytvořit spořádanou rodinu, to ovšem netuší, že jejich šance na otcovství je přesně padesátiprocentní. Jak se blíží termín porodu, Bridget cítí, že bude muset s pravdou ven a hlavně že si bude muset vybrat, komu bude její dítě říkat „tatínku"". Normální člověk by poslal oba dva na testy otcovství. Jenže Bridget Jonesová není normální, ale výjimečná.";;;;;;;
Tři oříšky pro Popelku;;;Československo / Východní Německo;Pohádka;1973;75;Tři oříšky skrývají tajemství a Popelce umožní být jednou obratným lukostřelcem v zelené kamizole, prohánějícím se na koni, jindy neznámou princeznou, před jejíž krásou se i princi tají dech. Cestičku ke štěstí si Popelka najde s pomocí svých kouzelných oříšků a princ přes všechny nesnáze najde svou milou díky tak malému střevíčku, který na nožku padne jen Popelce.;;;;;;;
Princové jsou na draka;;;Československo;Pohádka / Hudební;1980;57;Legendární pohádka s oblíbenými písničkami Z. Svěráka a J. Uhlíře, které už zlidověly. Dnes již patří do zlatého fondu České televize. Dělání, dělání, všechny smutky zahání, dělání je lék. Zatímco: Statistika nuda je, má však cenné údaje, neklesejme na mysli, ona nám to vyčíslí. A taky: Hlupáku, najdu tě, tváříš se nadutě… Jestli vám tyto slogany a písničky nic neříkají, tak to jste opravdu ještě nikdy neviděli pohádku Princové jsou na draka. Teď už ale pojďme nahlédnout společně do pokoje malého Martina (J. Kaněra). Maminka (J. Bohdalová) synům oznámí, že budou mít nového tátu, a Martinovi se v noci zdá pohádkový sen o království, které je ohroženo zlým drakem. Naštěstí je tu ale právě chytrý Martin, který má pohádky doslova v malíčku. Poradí králi (V. Menšík), jak na draka – chtělo by to Honzu… Honza (J. Čenský) postaví pevnou zeď, zbaví království nebezpečného draka, zamiluje se do princezny (I. Andrlová) a všichni budou šťastni…;;;;;;;
It Follows;Neutečeš;Neutečieš;USA;Horor / Thriller / Mysteriózní;2014;100;Devatenáctiletá Jay se po příjemné chvilce na zadní sedačce auta se sympatickým mladíkem ocitne svázaná v opuštěné továrně. A mladík ji zpovzdálí opatrně pozoruje. Čeká na okamžik, kdy se objeví démoni. Na okamžik, kdy to pro něj celé skončí a pro ni naopak začne. Nekonečná noční můra. Tyto až příliš reálné přízraky jsou součástí prokletí, které si jeho oběti předávají sexem jako štafetový kolík. A pro Jay původně slibný večer nakonec skončí tím nejhorším možným způsobem. Její milenec ji uprostřed ulice vyhodí svázanou a polonahou z auta a navíc od něj převzala kletbu spojenou s pronásledováním a útoky přízraků, které s ní od této chvíle budou na každém kroku. Její život se smrskne na nekonečný a všudypřítomný strach, před kterým nemá kam uniknout. Jay se svých zjevení může zbavit jedině tak, že je předá někomu dalšímu. Podaří se jí uniknout?;$2,000,000;$21,947,454;18+;https://www.csfd.cz/film/371484-neuteces/galerie/;https://www.csfd.cz/film/371484-neuteces/videa/;;https://www.csfd.cz/film/371484-neuteces/prehled/
Zombieland;Země zombií;Zombieland;USA;Komedie / Horor / Sci-Fi / Dobrodružný;2009;88;Akční komedie Zombieland společnosti Columbia Pictures vypráví příběh dvou mužů, kteří se snaží přežít ve světě, ovládaném zombies. Columbus (Jesse Eisenberg) je obrovský zbabělec – ale jak se ukazuje, pokud máte hrůzu z toho, že vás sežerou zombies, dokáže vás strach udržet naživu. Tallahassee (Woody Harrelson) je drsňácký zabiják zombie, který je motivován touhou získat poslední čokoládovou tyčinku na světě. Když spojí své síly s Wichitou (Emma Stone) a Little Rock (Abigail Breslin), které také objevily vlastní způsoby, jak přežít nadvládu zombie, budou muset zjistit, co je horší: spoléhat se jeden na druhého nebo se nechat přemoci zombies.;$23,6milióna;$102,791,207;18+;https://www.csfd.cz/film/252091-zombieland/galerie/;https://www.csfd.cz/film/252091-zombieland/videa/;;https://www.csfd.cz/film/252091-zombieland/prehled/
Green Book;Zelená kniha;Zelená kniha;USA;Drama / Komedie / Road movie / Životopisný / Hudební;2018;130;"Bývalý vyhazovač a drobný podvodníček Tony „Pysk"" Vallelonga (Viggo Mortensen) má mezi newyorskými Italy pověst chlápka, který dokáže vyřešit každou šlamastyku. Slavný černošský klavírista Dr. Don Shirley (držitel Oscara® Mahershala Ali) si ho proto najímá jako řidiče a bodyguarda na turné po divokých státech amerického Jihu 60. let. Tony je horkokrevný, ne moc vzdělaný, ale o to mazanější. Nade vše miluje svoji ženu (Linda Cardellini) a smažená kuřata. Dr. Don je jeho protikladem: kultivovaný génius jemných mravů a pevných zásad. Aby společně překonali nástrahy, musí si k sobě oba tvrdohlaví muži najít cestu skrz předsudky a humorné přešlapy. Originální komedie Zelená kniha získala získala tři Oscary včetně sošky pro Nejlepší film. Režisér Peter Farrelly (Blbý a blbější# Já, mé druhé já a Irena# Něco na té Mary je) se inspiroval příběhem skutečného přátelství a natočil jeden z nejdojemnějších i nejvtipnějších filmů roku 2018.";$23miliónov;$144,930,049;12+;https://www.csfd.cz/film/600912-zelena-kniha/galerie/;https://www.csfd.cz/film/600912-zelena-kniha/videa/;;https://www.csfd.cz/film/600912-zelena-kniha/prehled/
Alien;Vetřelec;Votrelec;USA / Velká Británie;Horor / Sci-Fi;1979;117;Vesmírná loď Nostromo míří zpět na Zemi, astronauti spí. Náhle dojde k jejich automatickému probuzení – nikdo neví, co se děje, protože jsou ještě velmi daleko od cíle cesty. Prostřednictvím centrálního počítače zjistí, že přijímače zachytily signál SOS z blízké planety. Posádka je povinna věc vyšetřit. Vyslaný modul má s přistáním velké problémy. Přesto někteří na průzkum. V jeskynním komplexu objeví podivný organizmus, který vypadá jako kolonie vajíček. Počítač mateřské lodi mezitím dešifruje zprávu jako varování, ne jako volání o pomoc. Všichni jsou okamžitě odvoláni. Jenže jedno z vajíček se otevře a jakási hmota ve tvaru chobotnice se během setiny sekundy přisaje na přilbu jednoho z astronautů, přesněji řečeno na jeho obličej. Přes odpor Ripleyové, že je proti bezpečnostním předpisům brát na palubu cokoli neznámého, otevře Ash dveře a všechny vpustí. Po nějaké době je nalezen cizí organismus na podlaze, sám odpadl. Vypadá to, že se postižený těší dobrému zdraví. Při společném jídle však stolující zažijí hrůzné představení. Před jejich očima vyleze z astronautova břicha nějaký tvor, a než stačí kdokoli cokoli podniknout, bleskovou rychlostí zmizí v obrovských prostorách lodi. Začíná noční můra – monstrum postupně likviduje posádku a zdá se, že je nezničitelné…;;;18+;https://www.csfd.cz/film/8265-vetrelec/galerie/;;;https://www.csfd.cz/film/8265-vetrelec/filmoteka/
Aliens;Vetřelci;Votrelci;USA / Velká Británie;Sci-Fi / Thriller / Akční / Dobrodružný / Horor;1986;137;57 let po tvrdé zkoušce s mimozemským tvorem je Ellen Ripleyová v hyperspánku zachráněna dálkovým záchranným týmem. Dojde dokonce k vyšetřování, při kterém ji chtějí obvinit ze zničení tvora, o kterého vysoce postavení vojenští pohlaváři stáli. Nakonec je osvobozena, je jí ale nabídnuta účast na jiné výpravě: na planetě, odkud vetřelec pocházel, mezitím vznikla kolonie s lidskými obyvateli. Ti se nyní odmlčeli a chystá se mise složená z vojáků námořní pěchoty, kteří mají na planetu sestoupit a vyšetřit, co se tam stalo. Ripleyová se svými znalostmi nebezpečného tvora by se v ní uplatnila. Ta se rozhodne takto skončit s nočními můrami a nepříjemnými vzpomínkami na monstrum – vetřelce a s nabídkou souhlasí. Znovu se tedy ocitá na nehostinné planetě, kde nacházejí kolonii opuštěnou. Jediný, koho najdou, je malá vystrašená holčička. Brzy zjistí, že všichni obyvatelé se stali oběťmi vetřelce – ne však jednoho. Vetřelci se poněkud rozmnožili a planeta je jimi zcela obsazena…;;;16+;https://www.csfd.cz/film/1245-vetrelci/galerie/;;;https://www.csfd.cz/film/1245-vetrelci/filmoteka/
